,PMID,PMCID,DOI,mapping_method,uberon_entity_term,uberon_entity_id,author_category,dataset_source,collection_id,collection_version_id,dataset_id,dataset_version_id,author_cell_term,author_cell_set,match,cell_ontology_term,cell_ontology_id,uuid
0,38014002,PMC10680922,doi.org/10.1101/2023.11.07.566105,manual,retina,http://purl.obolibrary.org/obo/UBERON_0000966,author_cell_type,cellxgene.cziscience.com,4c6eaf5c-6d57-4c76-b1e9-60df8c655f1e,962093e5-0e31-4f37-b96a-65116be39138,d6505c89-c43d-4c28-8c4f-7351a5fd5528,2e910e62-7eaf-4c06-80cb-8918e3eea16e,A2 amacrine cell,All,skos:broad,A2 amacrine cell,https://purl.obolibrary.org/obo/CL_0004219,xos8viuc151u
1,38014002,PMC10680922,doi.org/10.1101/2023.11.07.566105,manual,retina,http://purl.obolibrary.org/obo/UBERON_0000966,author_cell_type,cellxgene.cziscience.com,4c6eaf5c-6d57-4c76-b1e9-60df8c655f1e,962093e5-0e31-4f37-b96a-65116be39138,d6505c89-c43d-4c28-8c4f-7351a5fd5528,2e910e62-7eaf-4c06-80cb-8918e3eea16e,A2 amacrine cell,All*,skos:broad,A2 amacrine cell,https://purl.obolibrary.org/obo/CL_0004219,oymt6fc2qpub
2,38014002,PMC10680922,doi.org/10.1101/2023.11.07.566105,manual,retina,http://purl.obolibrary.org/obo/UBERON_0000966,author_cell_type,cellxgene.cziscience.com,4c6eaf5c-6d57-4c76-b1e9-60df8c655f1e,962093e5-0e31-4f37-b96a-65116be39138,d6505c89-c43d-4c28-8c4f-7351a5fd5528,2e910e62-7eaf-4c06-80cb-8918e3eea16e,retina astrocyte,astrocyte,skos:exact,retina astrocyte,https://purl.obolibrary.org/obo/CL_4033015,2o1zlagso1sy
3,38014002,PMC10680922,doi.org/10.1101/2023.11.07.566105,manual,retina,http://purl.obolibrary.org/obo/UBERON_0000966,author_cell_type,cellxgene.cziscience.com,4c6eaf5c-6d57-4c76-b1e9-60df8c655f1e,962093e5-0e31-4f37-b96a-65116be39138,d6505c89-c43d-4c28-8c4f-7351a5fd5528,2e910e62-7eaf-4c06-80cb-8918e3eea16e,blue bipolar,BB,skos:exact,blue bipolar cone,https://purl.obolibrary.org/obo/CL_4033019,fj0o1qy3n9gw
4,38014002,PMC10680922,doi.org/10.1101/2023.11.07.566105,manual,retina,http://purl.obolibrary.org/obo/UBERON_0000966,author_cell_type,cellxgene.cziscience.com,4c6eaf5c-6d57-4c76-b1e9-60df8c655f1e,962093e5-0e31-4f37-b96a-65116be39138,d6505c89-c43d-4c28-8c4f-7351a5fd5528,2e910e62-7eaf-4c06-80cb-8918e3eea16e,GABAergic amacrine cell,CAI,skos:broad,GABAergic amacrine cell,https://purl.obolibrary.org/obo/CL_4030027,34bceqkdu96p
5,38014002,PMC10680922,doi.org/10.1101/2023.11.07.566105,manual,retina,http://purl.obolibrary.org/obo/UBERON_0000966,author_cell_type,cellxgene.cziscience.com,4c6eaf5c-6d57-4c76-b1e9-60df8c655f1e,962093e5-0e31-4f37-b96a-65116be39138,d6505c89-c43d-4c28-8c4f-7351a5fd5528,2e910e62-7eaf-4c06-80cb-8918e3eea16e,GABAergic amacrine cell,CAII,skos:broad,GABAergic amacrine cell,https://purl.obolibrary.org/obo/CL_4030027,cvbx4avjh29c
6,38014002,PMC10680922,doi.org/10.1101/2023.11.07.566105,manual,retina,http://purl.obolibrary.org/obo/UBERON_0000966,author_cell_type,cellxgene.cziscience.com,4c6eaf5c-6d57-4c76-b1e9-60df8c655f1e,962093e5-0e31-4f37-b96a-65116be39138,d6505c89-c43d-4c28-8c4f-7351a5fd5528,2e910e62-7eaf-4c06-80cb-8918e3eea16e,diffuse bipolar 1,DB1,skos:exact,diffuse bipolar 1 cell,https://purl.obolibrary.org/obo/CL_4033027,2d8w2bgidsle
7,38014002,PMC10680922,doi.org/10.1101/2023.11.07.566105,manual,retina,http://purl.obolibrary.org/obo/UBERON_0000966,author_cell_type,cellxgene.cziscience.com,4c6eaf5c-6d57-4c76-b1e9-60df8c655f1e,962093e5-0e31-4f37-b96a-65116be39138,d6505c89-c43d-4c28-8c4f-7351a5fd5528,2e910e62-7eaf-4c06-80cb-8918e3eea16e,diffuse bipolar 2,DB2,skos:exact,diffuse bipolar 2 cell,https://purl.obolibrary.org/obo/CL_4033028,n0ix8xsmbi4v
8,38014002,PMC10680922,doi.org/10.1101/2023.11.07.566105,manual,retina,http://purl.obolibrary.org/obo/UBERON_0000966,author_cell_type,cellxgene.cziscience.com,4c6eaf5c-6d57-4c76-b1e9-60df8c655f1e,962093e5-0e31-4f37-b96a-65116be39138,d6505c89-c43d-4c28-8c4f-7351a5fd5528,2e910e62-7eaf-4c06-80cb-8918e3eea16e,diffuse bipolar 3a,DB3a,skos:exact,diffuse bipolar 3a cell,https://purl.obolibrary.org/obo/CL_4033029,son8z7ibpws1
9,38014002,PMC10680922,doi.org/10.1101/2023.11.07.566105,manual,retina,http://purl.obolibrary.org/obo/UBERON_0000966,author_cell_type,cellxgene.cziscience.com,4c6eaf5c-6d57-4c76-b1e9-60df8c655f1e,962093e5-0e31-4f37-b96a-65116be39138,d6505c89-c43d-4c28-8c4f-7351a5fd5528,2e910e62-7eaf-4c06-80cb-8918e3eea16e,diffuse bipolar 3b,DB3b,skos:exact,diffuse bipolar 3b cell,https://purl.obolibrary.org/obo/CL_4033030,a246xe224ooz
10,38014002,PMC10680922,doi.org/10.1101/2023.11.07.566105,manual,retina,http://purl.obolibrary.org/obo/UBERON_0000966,author_cell_type,cellxgene.cziscience.com,4c6eaf5c-6d57-4c76-b1e9-60df8c655f1e,962093e5-0e31-4f37-b96a-65116be39138,d6505c89-c43d-4c28-8c4f-7351a5fd5528,2e910e62-7eaf-4c06-80cb-8918e3eea16e,diffuse bipolar 4a,DB4,skos:exact,diffuse bipolar 4 cell,https://purl.obolibrary.org/obo/CL_4033031,58tranujlc51
11,38014002,PMC10680922,doi.org/10.1101/2023.11.07.566105,manual,retina,http://purl.obolibrary.org/obo/UBERON_0000966,author_cell_type,cellxgene.cziscience.com,4c6eaf5c-6d57-4c76-b1e9-60df8c655f1e,962093e5-0e31-4f37-b96a-65116be39138,d6505c89-c43d-4c28-8c4f-7351a5fd5528,2e910e62-7eaf-4c06-80cb-8918e3eea16e,diffuse biipolar 5,DB5,skos:exact,diffuse bipolar 5 cell,https://purl.obolibrary.org/obo/CL_4033085,5m0m86re8qui
12,38014002,PMC10680922,doi.org/10.1101/2023.11.07.566105,manual,retina,http://purl.obolibrary.org/obo/UBERON_0000966,author_cell_type,cellxgene.cziscience.com,4c6eaf5c-6d57-4c76-b1e9-60df8c655f1e,962093e5-0e31-4f37-b96a-65116be39138,d6505c89-c43d-4c28-8c4f-7351a5fd5528,2e910e62-7eaf-4c06-80cb-8918e3eea16e,diffuse bipolar 6,DB6,skos:exact,diffuse bipolar 6 cell,https://purl.obolibrary.org/obo/CL_4033032,u387nyedepex
13,38014002,PMC10680922,doi.org/10.1101/2023.11.07.566105,manual,retina,http://purl.obolibrary.org/obo/UBERON_0000966,author_cell_type,cellxgene.cziscience.com,4c6eaf5c-6d57-4c76-b1e9-60df8c655f1e,962093e5-0e31-4f37-b96a-65116be39138,d6505c89-c43d-4c28-8c4f-7351a5fd5528,2e910e62-7eaf-4c06-80cb-8918e3eea16e,flat midge bipoloar,FMB,skos:exact,flat midget bipolar cell,https://purl.obolibrary.org/obo/CL_4033033,r2n6iiwbrj2b
14,38014002,PMC10680922,doi.org/10.1101/2023.11.07.566105,manual,retina,http://purl.obolibrary.org/obo/UBERON_0000966,author_cell_type,cellxgene.cziscience.com,4c6eaf5c-6d57-4c76-b1e9-60df8c655f1e,962093e5-0e31-4f37-b96a-65116be39138,d6505c89-c43d-4c28-8c4f-7351a5fd5528,2e910e62-7eaf-4c06-80cb-8918e3eea16e,giant bipolar,GB,skos:exact,giant bipolar cell,https://purl.obolibrary.org/obo/CL_4033035,b0aqm469llcr
15,38014002,PMC10680922,doi.org/10.1101/2023.11.07.566105,manual,retina,http://purl.obolibrary.org/obo/UBERON_0000966,author_cell_type,cellxgene.cziscience.com,4c6eaf5c-6d57-4c76-b1e9-60df8c655f1e,962093e5-0e31-4f37-b96a-65116be39138,d6505c89-c43d-4c28-8c4f-7351a5fd5528,2e910e62-7eaf-4c06-80cb-8918e3eea16e,H1 horizontal cell,H1,skos:exact,H1 horizontal cell,https://purl.obolibrary.org/obo/CL_0004217 ,0ecqcu57in52
16,38014002,PMC10680922,doi.org/10.1101/2023.11.07.566105,manual,retina,http://purl.obolibrary.org/obo/UBERON_0000966,author_cell_type,cellxgene.cziscience.com,4c6eaf5c-6d57-4c76-b1e9-60df8c655f1e,962093e5-0e31-4f37-b96a-65116be39138,d6505c89-c43d-4c28-8c4f-7351a5fd5528,2e910e62-7eaf-4c06-80cb-8918e3eea16e,H2 horizontal cell,H2,skos:exact,H2 horizontal cell,https://purl.obolibrary.org/obo/CL_0004218,uk07jp3u8xch
17,38014002,PMC10680922,doi.org/10.1101/2023.11.07.566105,manual,retina,http://purl.obolibrary.org/obo/UBERON_0000966,author_cell_type,cellxgene.cziscience.com,4c6eaf5c-6d57-4c76-b1e9-60df8c655f1e,962093e5-0e31-4f37-b96a-65116be39138,d6505c89-c43d-4c28-8c4f-7351a5fd5528,2e910e62-7eaf-4c06-80cb-8918e3eea16e,GABAergic amacrine cell,HAC11,skos:broad,GABAergic amacrine cell,https://purl.obolibrary.org/obo/CL_4030027,0x1zwt2h8wsu
18,38014002,PMC10680922,doi.org/10.1101/2023.11.07.566105,manual,retina,http://purl.obolibrary.org/obo/UBERON_0000966,author_cell_type,cellxgene.cziscience.com,4c6eaf5c-6d57-4c76-b1e9-60df8c655f1e,962093e5-0e31-4f37-b96a-65116be39138,d6505c89-c43d-4c28-8c4f-7351a5fd5528,2e910e62-7eaf-4c06-80cb-8918e3eea16e,glycinergic amacrine cell,HAC12,skos:broad,glycinergic amacrine cell,https://purl.obolibrary.org/obo/CL_4030028,odj3wfperx0g
19,38014002,PMC10680922,doi.org/10.1101/2023.11.07.566105,manual,retina,http://purl.obolibrary.org/obo/UBERON_0000966,author_cell_type,cellxgene.cziscience.com,4c6eaf5c-6d57-4c76-b1e9-60df8c655f1e,962093e5-0e31-4f37-b96a-65116be39138,d6505c89-c43d-4c28-8c4f-7351a5fd5528,2e910e62-7eaf-4c06-80cb-8918e3eea16e,GABAergic amacrine cell,HAC13,skos:broad,GABAergic amacrine cell,https://purl.obolibrary.org/obo/CL_4030027,8nn5258q1vqi
20,38014002,PMC10680922,doi.org/10.1101/2023.11.07.566105,manual,retina,http://purl.obolibrary.org/obo/UBERON_0000966,author_cell_type,cellxgene.cziscience.com,4c6eaf5c-6d57-4c76-b1e9-60df8c655f1e,962093e5-0e31-4f37-b96a-65116be39138,d6505c89-c43d-4c28-8c4f-7351a5fd5528,2e910e62-7eaf-4c06-80cb-8918e3eea16e,glycinergic amacrine cell,HAC14,skos:broad,glycinergic amacrine cell,https://purl.obolibrary.org/obo/CL_4030028,x4pfm1ugea97
21,38014002,PMC10680922,doi.org/10.1101/2023.11.07.566105,manual,retina,http://purl.obolibrary.org/obo/UBERON_0000966,author_cell_type,cellxgene.cziscience.com,4c6eaf5c-6d57-4c76-b1e9-60df8c655f1e,962093e5-0e31-4f37-b96a-65116be39138,d6505c89-c43d-4c28-8c4f-7351a5fd5528,2e910e62-7eaf-4c06-80cb-8918e3eea16e,GABAergic amacrine cell,HAC15,skos:broad,GABAergic amacrine cell,https://purl.obolibrary.org/obo/CL_4030027,k4829xcgy17t
22,38014002,PMC10680922,doi.org/10.1101/2023.11.07.566105,manual,retina,http://purl.obolibrary.org/obo/UBERON_0000966,author_cell_type,cellxgene.cziscience.com,4c6eaf5c-6d57-4c76-b1e9-60df8c655f1e,962093e5-0e31-4f37-b96a-65116be39138,d6505c89-c43d-4c28-8c4f-7351a5fd5528,2e910e62-7eaf-4c06-80cb-8918e3eea16e,amacrine cell,HAC17,skos:broad,amacrine cell,https://purl.obolibrary.org/obo/CL_0000561,d9jref18xpwl
23,38014002,PMC10680922,doi.org/10.1101/2023.11.07.566105,manual,retina,http://purl.obolibrary.org/obo/UBERON_0000966,author_cell_type,cellxgene.cziscience.com,4c6eaf5c-6d57-4c76-b1e9-60df8c655f1e,962093e5-0e31-4f37-b96a-65116be39138,d6505c89-c43d-4c28-8c4f-7351a5fd5528,2e910e62-7eaf-4c06-80cb-8918e3eea16e,GABAergic amacrine cell,HAC18,skos:exact,GABAergic amacrine cell,https://purl.obolibrary.org/obo/CL_4030027,ldrrk5rfftsv
24,38014002,PMC10680922,doi.org/10.1101/2023.11.07.566105,manual,retina,http://purl.obolibrary.org/obo/UBERON_0000966,author_cell_type,cellxgene.cziscience.com,4c6eaf5c-6d57-4c76-b1e9-60df8c655f1e,962093e5-0e31-4f37-b96a-65116be39138,d6505c89-c43d-4c28-8c4f-7351a5fd5528,2e910e62-7eaf-4c06-80cb-8918e3eea16e,GABAergic amacrine cell,HAC19,skos:broad,GABAergic amacrine cell,https://purl.obolibrary.org/obo/CL_4030027,o3jrlzdy45y5
25,38014002,PMC10680922,doi.org/10.1101/2023.11.07.566105,manual,retina,http://purl.obolibrary.org/obo/UBERON_0000966,author_cell_type,cellxgene.cziscience.com,4c6eaf5c-6d57-4c76-b1e9-60df8c655f1e,962093e5-0e31-4f37-b96a-65116be39138,d6505c89-c43d-4c28-8c4f-7351a5fd5528,2e910e62-7eaf-4c06-80cb-8918e3eea16e,amacrine cell,HAC2,skos:broad,amacrine cell,https://purl.obolibrary.org/obo/CL_0000561,sds6ltqn26fu
26,38014002,PMC10680922,doi.org/10.1101/2023.11.07.566105,manual,retina,http://purl.obolibrary.org/obo/UBERON_0000966,author_cell_type,cellxgene.cziscience.com,4c6eaf5c-6d57-4c76-b1e9-60df8c655f1e,962093e5-0e31-4f37-b96a-65116be39138,d6505c89-c43d-4c28-8c4f-7351a5fd5528,2e910e62-7eaf-4c06-80cb-8918e3eea16e,GABAergic amacrine cell,HAC20,skos:broad,GABAergic amacrine cell,https://purl.obolibrary.org/obo/CL_4030027,x1pzru07maok
27,38014002,PMC10680922,doi.org/10.1101/2023.11.07.566105,manual,retina,http://purl.obolibrary.org/obo/UBERON_0000966,author_cell_type,cellxgene.cziscience.com,4c6eaf5c-6d57-4c76-b1e9-60df8c655f1e,962093e5-0e31-4f37-b96a-65116be39138,d6505c89-c43d-4c28-8c4f-7351a5fd5528,2e910e62-7eaf-4c06-80cb-8918e3eea16e,glycinergic amacrine cell,HAC21,skos:broad,glycinergic amacrine cell,https://purl.obolibrary.org/obo/CL_4030028,j96tphmwi5gp
28,38014002,PMC10680922,doi.org/10.1101/2023.11.07.566105,manual,retina,http://purl.obolibrary.org/obo/UBERON_0000966,author_cell_type,cellxgene.cziscience.com,4c6eaf5c-6d57-4c76-b1e9-60df8c655f1e,962093e5-0e31-4f37-b96a-65116be39138,d6505c89-c43d-4c28-8c4f-7351a5fd5528,2e910e62-7eaf-4c06-80cb-8918e3eea16e,GABAergic amacrine cell,HAC23,skos:broad,GABAergic amacrine cell,https://purl.obolibrary.org/obo/CL_4030027,lofpr3olpk87
29,38014002,PMC10680922,doi.org/10.1101/2023.11.07.566105,manual,retina,http://purl.obolibrary.org/obo/UBERON_0000966,author_cell_type,cellxgene.cziscience.com,4c6eaf5c-6d57-4c76-b1e9-60df8c655f1e,962093e5-0e31-4f37-b96a-65116be39138,d6505c89-c43d-4c28-8c4f-7351a5fd5528,2e910e62-7eaf-4c06-80cb-8918e3eea16e,GABAergic amacrine cell,HAC24,skos:broad,GABAergic amacrine cell,https://purl.obolibrary.org/obo/CL_4030027,jobbzc58zivp
30,38014002,PMC10680922,doi.org/10.1101/2023.11.07.566105,manual,retina,http://purl.obolibrary.org/obo/UBERON_0000966,author_cell_type,cellxgene.cziscience.com,4c6eaf5c-6d57-4c76-b1e9-60df8c655f1e,962093e5-0e31-4f37-b96a-65116be39138,d6505c89-c43d-4c28-8c4f-7351a5fd5528,2e910e62-7eaf-4c06-80cb-8918e3eea16e,GABAergic amacrine cell,HAC26,skos:broad,GABAergic amacrine cell,https://purl.obolibrary.org/obo/CL_4030027,23fi1p6y9fhp
31,38014002,PMC10680922,doi.org/10.1101/2023.11.07.566105,manual,retina,http://purl.obolibrary.org/obo/UBERON_0000966,author_cell_type,cellxgene.cziscience.com,4c6eaf5c-6d57-4c76-b1e9-60df8c655f1e,962093e5-0e31-4f37-b96a-65116be39138,d6505c89-c43d-4c28-8c4f-7351a5fd5528,2e910e62-7eaf-4c06-80cb-8918e3eea16e,GABAergic amacrine cell,HAC27,skos:broad,GABAergic amacrine cell,https://purl.obolibrary.org/obo/CL_4030027,6jt2705jekgg
32,38014002,PMC10680922,doi.org/10.1101/2023.11.07.566105,manual,retina,http://purl.obolibrary.org/obo/UBERON_0000966,author_cell_type,cellxgene.cziscience.com,4c6eaf5c-6d57-4c76-b1e9-60df8c655f1e,962093e5-0e31-4f37-b96a-65116be39138,d6505c89-c43d-4c28-8c4f-7351a5fd5528,2e910e62-7eaf-4c06-80cb-8918e3eea16e,GABAergic amacrine cell,HAC28,skos:broad,GABAergic amacrine cell,https://purl.obolibrary.org/obo/CL_4030027,mr9adb88qp3e
33,38014002,PMC10680922,doi.org/10.1101/2023.11.07.566105,manual,retina,http://purl.obolibrary.org/obo/UBERON_0000966,author_cell_type,cellxgene.cziscience.com,4c6eaf5c-6d57-4c76-b1e9-60df8c655f1e,962093e5-0e31-4f37-b96a-65116be39138,d6505c89-c43d-4c28-8c4f-7351a5fd5528,2e910e62-7eaf-4c06-80cb-8918e3eea16e,GABAergic amacrine cell,HAC29,skos:broad,GABAergic amacrine cell,https://purl.obolibrary.org/obo/CL_4030027,c9otzqkrzkx9
34,38014002,PMC10680922,doi.org/10.1101/2023.11.07.566105,manual,retina,http://purl.obolibrary.org/obo/UBERON_0000966,author_cell_type,cellxgene.cziscience.com,4c6eaf5c-6d57-4c76-b1e9-60df8c655f1e,962093e5-0e31-4f37-b96a-65116be39138,d6505c89-c43d-4c28-8c4f-7351a5fd5528,2e910e62-7eaf-4c06-80cb-8918e3eea16e,GABAergic amacrine cell,HAC3,skos:broad,GABAergic amacrine cell,https://purl.obolibrary.org/obo/CL_4030027,hrfjzs92zw6r
35,38014002,PMC10680922,doi.org/10.1101/2023.11.07.566105,manual,retina,http://purl.obolibrary.org/obo/UBERON_0000966,author_cell_type,cellxgene.cziscience.com,4c6eaf5c-6d57-4c76-b1e9-60df8c655f1e,962093e5-0e31-4f37-b96a-65116be39138,d6505c89-c43d-4c28-8c4f-7351a5fd5528,2e910e62-7eaf-4c06-80cb-8918e3eea16e,glycinergic amacrine cell,HAC32,skos:broad,glycinergic amacrine cell,https://purl.obolibrary.org/obo/CL_4030028,2wvaj2pgfcnr
36,38014002,PMC10680922,doi.org/10.1101/2023.11.07.566105,manual,retina,http://purl.obolibrary.org/obo/UBERON_0000966,author_cell_type,cellxgene.cziscience.com,4c6eaf5c-6d57-4c76-b1e9-60df8c655f1e,962093e5-0e31-4f37-b96a-65116be39138,d6505c89-c43d-4c28-8c4f-7351a5fd5528,2e910e62-7eaf-4c06-80cb-8918e3eea16e,GABAergic amacrine cell,HAC33,skos:broad,GABAergic amacrine cell,https://purl.obolibrary.org/obo/CL_4030027,bzam63qjk961
37,38014002,PMC10680922,doi.org/10.1101/2023.11.07.566105,manual,retina,http://purl.obolibrary.org/obo/UBERON_0000966,author_cell_type,cellxgene.cziscience.com,4c6eaf5c-6d57-4c76-b1e9-60df8c655f1e,962093e5-0e31-4f37-b96a-65116be39138,d6505c89-c43d-4c28-8c4f-7351a5fd5528,2e910e62-7eaf-4c06-80cb-8918e3eea16e,GABAergic amacrine cell,HAC34,skos:broad,GABAergic amacrine cell,https://purl.obolibrary.org/obo/CL_4030027,68pzsbxaj4q7
38,38014002,PMC10680922,doi.org/10.1101/2023.11.07.566105,manual,retina,http://purl.obolibrary.org/obo/UBERON_0000966,author_cell_type,cellxgene.cziscience.com,4c6eaf5c-6d57-4c76-b1e9-60df8c655f1e,962093e5-0e31-4f37-b96a-65116be39138,d6505c89-c43d-4c28-8c4f-7351a5fd5528,2e910e62-7eaf-4c06-80cb-8918e3eea16e,glycinergic amacrine cell,HAC35,skos:broad,glycinergic amacrine cell,https://purl.obolibrary.org/obo/CL_4030028,pambgghdyvpk
39,38014002,PMC10680922,doi.org/10.1101/2023.11.07.566105,manual,retina,http://purl.obolibrary.org/obo/UBERON_0000966,author_cell_type,cellxgene.cziscience.com,4c6eaf5c-6d57-4c76-b1e9-60df8c655f1e,962093e5-0e31-4f37-b96a-65116be39138,d6505c89-c43d-4c28-8c4f-7351a5fd5528,2e910e62-7eaf-4c06-80cb-8918e3eea16e,GABAergic amacrine cell,HAC37,skos:broad,GABAergic amacrine cell,https://purl.obolibrary.org/obo/CL_4030027,w4ezfd8jng6a
40,38014002,PMC10680922,doi.org/10.1101/2023.11.07.566105,manual,retina,http://purl.obolibrary.org/obo/UBERON_0000966,author_cell_type,cellxgene.cziscience.com,4c6eaf5c-6d57-4c76-b1e9-60df8c655f1e,962093e5-0e31-4f37-b96a-65116be39138,d6505c89-c43d-4c28-8c4f-7351a5fd5528,2e910e62-7eaf-4c06-80cb-8918e3eea16e,GABAergic amacrine cell,HAC38,skos:broad,GABAergic amacrine cell,https://purl.obolibrary.org/obo/CL_4030027,f2wzu5i4jtze
41,38014002,PMC10680922,doi.org/10.1101/2023.11.07.566105,manual,retina,http://purl.obolibrary.org/obo/UBERON_0000966,author_cell_type,cellxgene.cziscience.com,4c6eaf5c-6d57-4c76-b1e9-60df8c655f1e,962093e5-0e31-4f37-b96a-65116be39138,d6505c89-c43d-4c28-8c4f-7351a5fd5528,2e910e62-7eaf-4c06-80cb-8918e3eea16e,GABAergic amacrine cell,HAC39,skos:broad,GABAergic amacrine cell,https://purl.obolibrary.org/obo/CL_4030027,nfm6rcqpd7yu
42,38014002,PMC10680922,doi.org/10.1101/2023.11.07.566105,manual,retina,http://purl.obolibrary.org/obo/UBERON_0000966,author_cell_type,cellxgene.cziscience.com,4c6eaf5c-6d57-4c76-b1e9-60df8c655f1e,962093e5-0e31-4f37-b96a-65116be39138,d6505c89-c43d-4c28-8c4f-7351a5fd5528,2e910e62-7eaf-4c06-80cb-8918e3eea16e,GABAergic amacrine cell,HAC4,skos:broad,GABAergic amacrine cell,https://purl.obolibrary.org/obo/CL_4030027,gybjvflszk5m
43,38014002,PMC10680922,doi.org/10.1101/2023.11.07.566105,manual,retina,http://purl.obolibrary.org/obo/UBERON_0000966,author_cell_type,cellxgene.cziscience.com,4c6eaf5c-6d57-4c76-b1e9-60df8c655f1e,962093e5-0e31-4f37-b96a-65116be39138,d6505c89-c43d-4c28-8c4f-7351a5fd5528,2e910e62-7eaf-4c06-80cb-8918e3eea16e,GABAergic amacrine cell,HAC41,skos:broad,GABAergic amacrine cell,https://purl.obolibrary.org/obo/CL_4030027,0zgpw1reoqyy
44,38014002,PMC10680922,doi.org/10.1101/2023.11.07.566105,manual,retina,http://purl.obolibrary.org/obo/UBERON_0000966,author_cell_type,cellxgene.cziscience.com,4c6eaf5c-6d57-4c76-b1e9-60df8c655f1e,962093e5-0e31-4f37-b96a-65116be39138,d6505c89-c43d-4c28-8c4f-7351a5fd5528,2e910e62-7eaf-4c06-80cb-8918e3eea16e,glycinergic amacrine cell,HAC42,skos:broad,glycinergic amacrine cell,https://purl.obolibrary.org/obo/CL_4030028,8mhvubgmig0y
45,38014002,PMC10680922,doi.org/10.1101/2023.11.07.566105,manual,retina,http://purl.obolibrary.org/obo/UBERON_0000966,author_cell_type,cellxgene.cziscience.com,4c6eaf5c-6d57-4c76-b1e9-60df8c655f1e,962093e5-0e31-4f37-b96a-65116be39138,d6505c89-c43d-4c28-8c4f-7351a5fd5528,2e910e62-7eaf-4c06-80cb-8918e3eea16e,GABAergic amacrine cell,HAC44,skos:broad,GABAergic amacrine cell,https://purl.obolibrary.org/obo/CL_4030027,rgmggwf3lt7j
46,38014002,PMC10680922,doi.org/10.1101/2023.11.07.566105,manual,retina,http://purl.obolibrary.org/obo/UBERON_0000966,author_cell_type,cellxgene.cziscience.com,4c6eaf5c-6d57-4c76-b1e9-60df8c655f1e,962093e5-0e31-4f37-b96a-65116be39138,d6505c89-c43d-4c28-8c4f-7351a5fd5528,2e910e62-7eaf-4c06-80cb-8918e3eea16e,GABAergic amacrine cell,HAC45,skos:broad,GABAergic amacrine cell,https://purl.obolibrary.org/obo/CL_4030027,5xiwi2y92l7q
47,38014002,PMC10680922,doi.org/10.1101/2023.11.07.566105,manual,retina,http://purl.obolibrary.org/obo/UBERON_0000966,author_cell_type,cellxgene.cziscience.com,4c6eaf5c-6d57-4c76-b1e9-60df8c655f1e,962093e5-0e31-4f37-b96a-65116be39138,d6505c89-c43d-4c28-8c4f-7351a5fd5528,2e910e62-7eaf-4c06-80cb-8918e3eea16e,GABAergic amacrine cell,HAC46,skos:broad,GABAergic amacrine cell,https://purl.obolibrary.org/obo/CL_4030027,mbrgykdzaqio
48,38014002,PMC10680922,doi.org/10.1101/2023.11.07.566105,manual,retina,http://purl.obolibrary.org/obo/UBERON_0000966,author_cell_type,cellxgene.cziscience.com,4c6eaf5c-6d57-4c76-b1e9-60df8c655f1e,962093e5-0e31-4f37-b96a-65116be39138,d6505c89-c43d-4c28-8c4f-7351a5fd5528,2e910e62-7eaf-4c06-80cb-8918e3eea16e,GABAergic amacrine cell,HAC48,skos:broad,GABAergic amacrine cell,https://purl.obolibrary.org/obo/CL_4030027,0zcii7jvvrmt
49,38014002,PMC10680922,doi.org/10.1101/2023.11.07.566105,manual,retina,http://purl.obolibrary.org/obo/UBERON_0000966,author_cell_type,cellxgene.cziscience.com,4c6eaf5c-6d57-4c76-b1e9-60df8c655f1e,962093e5-0e31-4f37-b96a-65116be39138,d6505c89-c43d-4c28-8c4f-7351a5fd5528,2e910e62-7eaf-4c06-80cb-8918e3eea16e,GABAergic amacrine cell,HAC49,skos:broad,GABAergic amacrine cell,https://purl.obolibrary.org/obo/CL_4030027,w8nv3chg6bwy
50,38014002,PMC10680922,doi.org/10.1101/2023.11.07.566105,manual,retina,http://purl.obolibrary.org/obo/UBERON_0000966,author_cell_type,cellxgene.cziscience.com,4c6eaf5c-6d57-4c76-b1e9-60df8c655f1e,962093e5-0e31-4f37-b96a-65116be39138,d6505c89-c43d-4c28-8c4f-7351a5fd5528,2e910e62-7eaf-4c06-80cb-8918e3eea16e,GABAergic amacrine cell,HAC5,skos:broad,GABAergic amacrine cell,https://purl.obolibrary.org/obo/CL_4030027,mi91jyq2eaas
51,38014002,PMC10680922,doi.org/10.1101/2023.11.07.566105,manual,retina,http://purl.obolibrary.org/obo/UBERON_0000966,author_cell_type,cellxgene.cziscience.com,4c6eaf5c-6d57-4c76-b1e9-60df8c655f1e,962093e5-0e31-4f37-b96a-65116be39138,d6505c89-c43d-4c28-8c4f-7351a5fd5528,2e910e62-7eaf-4c06-80cb-8918e3eea16e,amacrine cell,HAC50,skos:broad,amacrine cell,https://purl.obolibrary.org/obo/CL_0000561,iid81j1ujbn1
52,38014002,PMC10680922,doi.org/10.1101/2023.11.07.566105,manual,retina,http://purl.obolibrary.org/obo/UBERON_0000966,author_cell_type,cellxgene.cziscience.com,4c6eaf5c-6d57-4c76-b1e9-60df8c655f1e,962093e5-0e31-4f37-b96a-65116be39138,d6505c89-c43d-4c28-8c4f-7351a5fd5528,2e910e62-7eaf-4c06-80cb-8918e3eea16e,GABAergic amacrine cell,HAC51,skos:broad,GABAergic amacrine cell,https://purl.obolibrary.org/obo/CL_4030027,ke2auzyanfbd
53,38014002,PMC10680922,doi.org/10.1101/2023.11.07.566105,manual,retina,http://purl.obolibrary.org/obo/UBERON_0000966,author_cell_type,cellxgene.cziscience.com,4c6eaf5c-6d57-4c76-b1e9-60df8c655f1e,962093e5-0e31-4f37-b96a-65116be39138,d6505c89-c43d-4c28-8c4f-7351a5fd5528,2e910e62-7eaf-4c06-80cb-8918e3eea16e,GABAergic amacrine cell,HAC52,skos:broad,GABAergic amacrine cell,https://purl.obolibrary.org/obo/CL_4030027,1i7lhdgp8zpu
54,38014002,PMC10680922,doi.org/10.1101/2023.11.07.566105,manual,retina,http://purl.obolibrary.org/obo/UBERON_0000966,author_cell_type,cellxgene.cziscience.com,4c6eaf5c-6d57-4c76-b1e9-60df8c655f1e,962093e5-0e31-4f37-b96a-65116be39138,d6505c89-c43d-4c28-8c4f-7351a5fd5528,2e910e62-7eaf-4c06-80cb-8918e3eea16e,GABAergic amacrine cell,HAC53,skos:broad,GABAergic amacrine cell,https://purl.obolibrary.org/obo/CL_4030027,40nkpjqyte2u
55,38014002,PMC10680922,doi.org/10.1101/2023.11.07.566105,manual,retina,http://purl.obolibrary.org/obo/UBERON_0000966,author_cell_type,cellxgene.cziscience.com,4c6eaf5c-6d57-4c76-b1e9-60df8c655f1e,962093e5-0e31-4f37-b96a-65116be39138,d6505c89-c43d-4c28-8c4f-7351a5fd5528,2e910e62-7eaf-4c06-80cb-8918e3eea16e,GABAergic amacrine cell,HAC54,skos:broad,GABAergic amacrine cell,https://purl.obolibrary.org/obo/CL_4030027,prg7scsszpiq
56,38014002,PMC10680922,doi.org/10.1101/2023.11.07.566105,manual,retina,http://purl.obolibrary.org/obo/UBERON_0000966,author_cell_type,cellxgene.cziscience.com,4c6eaf5c-6d57-4c76-b1e9-60df8c655f1e,962093e5-0e31-4f37-b96a-65116be39138,d6505c89-c43d-4c28-8c4f-7351a5fd5528,2e910e62-7eaf-4c06-80cb-8918e3eea16e,GABAergic amacrine cell,HAC55,skos:broad,GABAergic amacrine cell,https://purl.obolibrary.org/obo/CL_4030027,tudlpgmsazmk
57,38014002,PMC10680922,doi.org/10.1101/2023.11.07.566105,manual,retina,http://purl.obolibrary.org/obo/UBERON_0000966,author_cell_type,cellxgene.cziscience.com,4c6eaf5c-6d57-4c76-b1e9-60df8c655f1e,962093e5-0e31-4f37-b96a-65116be39138,d6505c89-c43d-4c28-8c4f-7351a5fd5528,2e910e62-7eaf-4c06-80cb-8918e3eea16e,GABAergic amacrine cell,HAC56,skos:broad,GABAergic amacrine cell,https://purl.obolibrary.org/obo/CL_4030027,uqziq19vwxai
58,38014002,PMC10680922,doi.org/10.1101/2023.11.07.566105,manual,retina,http://purl.obolibrary.org/obo/UBERON_0000966,author_cell_type,cellxgene.cziscience.com,4c6eaf5c-6d57-4c76-b1e9-60df8c655f1e,962093e5-0e31-4f37-b96a-65116be39138,d6505c89-c43d-4c28-8c4f-7351a5fd5528,2e910e62-7eaf-4c06-80cb-8918e3eea16e,GABAergic amacrine cell,HAC57,skos:broad,GABAergic amacrine cell,https://purl.obolibrary.org/obo/CL_4030027,o4hufrul8v2n
59,38014002,PMC10680922,doi.org/10.1101/2023.11.07.566105,manual,retina,http://purl.obolibrary.org/obo/UBERON_0000966,author_cell_type,cellxgene.cziscience.com,4c6eaf5c-6d57-4c76-b1e9-60df8c655f1e,962093e5-0e31-4f37-b96a-65116be39138,d6505c89-c43d-4c28-8c4f-7351a5fd5528,2e910e62-7eaf-4c06-80cb-8918e3eea16e,GABAergic amacrine cell,HAC59,skos:broad,GABAergic amacrine cell,https://purl.obolibrary.org/obo/CL_4030027,bhw17k8rtrri
60,38014002,PMC10680922,doi.org/10.1101/2023.11.07.566105,manual,retina,http://purl.obolibrary.org/obo/UBERON_0000966,author_cell_type,cellxgene.cziscience.com,4c6eaf5c-6d57-4c76-b1e9-60df8c655f1e,962093e5-0e31-4f37-b96a-65116be39138,d6505c89-c43d-4c28-8c4f-7351a5fd5528,2e910e62-7eaf-4c06-80cb-8918e3eea16e,GABAergic amacrine cell,HAC6,skos:broad,GABAergic amacrine cell,https://purl.obolibrary.org/obo/CL_4030027,uwn9e9nu1fzo
61,38014002,PMC10680922,doi.org/10.1101/2023.11.07.566105,manual,retina,http://purl.obolibrary.org/obo/UBERON_0000966,author_cell_type,cellxgene.cziscience.com,4c6eaf5c-6d57-4c76-b1e9-60df8c655f1e,962093e5-0e31-4f37-b96a-65116be39138,d6505c89-c43d-4c28-8c4f-7351a5fd5528,2e910e62-7eaf-4c06-80cb-8918e3eea16e,GABAergic amacrine cell,HAC60,skos:broad,GABAergic amacrine cell,https://purl.obolibrary.org/obo/CL_4030027,06gg1bj8wid2
62,38014002,PMC10680922,doi.org/10.1101/2023.11.07.566105,manual,retina,http://purl.obolibrary.org/obo/UBERON_0000966,author_cell_type,cellxgene.cziscience.com,4c6eaf5c-6d57-4c76-b1e9-60df8c655f1e,962093e5-0e31-4f37-b96a-65116be39138,d6505c89-c43d-4c28-8c4f-7351a5fd5528,2e910e62-7eaf-4c06-80cb-8918e3eea16e,GABAergic amacrine cell,HAC62,skos:broad,GABAergic amacrine cell,https://purl.obolibrary.org/obo/CL_4030027,g9qi7he9y7g4
63,38014002,PMC10680922,doi.org/10.1101/2023.11.07.566105,manual,retina,http://purl.obolibrary.org/obo/UBERON_0000966,author_cell_type,cellxgene.cziscience.com,4c6eaf5c-6d57-4c76-b1e9-60df8c655f1e,962093e5-0e31-4f37-b96a-65116be39138,d6505c89-c43d-4c28-8c4f-7351a5fd5528,2e910e62-7eaf-4c06-80cb-8918e3eea16e,GABAergic amacrine cell,HAC63,skos:broad,GABAergic amacrine cell,https://purl.obolibrary.org/obo/CL_4030027,6jfdb7opsbdz
64,38014002,PMC10680922,doi.org/10.1101/2023.11.07.566105,manual,retina,http://purl.obolibrary.org/obo/UBERON_0000966,author_cell_type,cellxgene.cziscience.com,4c6eaf5c-6d57-4c76-b1e9-60df8c655f1e,962093e5-0e31-4f37-b96a-65116be39138,d6505c89-c43d-4c28-8c4f-7351a5fd5528,2e910e62-7eaf-4c06-80cb-8918e3eea16e,glycinergic amacrine cell,HAC64,skos:broad,glycinergic amacrine cell,https://purl.obolibrary.org/obo/CL_4030028,4ca9zq3eb5cv
65,38014002,PMC10680922,doi.org/10.1101/2023.11.07.566105,manual,retina,http://purl.obolibrary.org/obo/UBERON_0000966,author_cell_type,cellxgene.cziscience.com,4c6eaf5c-6d57-4c76-b1e9-60df8c655f1e,962093e5-0e31-4f37-b96a-65116be39138,d6505c89-c43d-4c28-8c4f-7351a5fd5528,2e910e62-7eaf-4c06-80cb-8918e3eea16e,amacrine cell,HAC65,skos:broad,amacrine cell,https://purl.obolibrary.org/obo/CL_0000561,7okomk4n0s9h
66,38014002,PMC10680922,doi.org/10.1101/2023.11.07.566105,manual,retina,http://purl.obolibrary.org/obo/UBERON_0000966,author_cell_type,cellxgene.cziscience.com,4c6eaf5c-6d57-4c76-b1e9-60df8c655f1e,962093e5-0e31-4f37-b96a-65116be39138,d6505c89-c43d-4c28-8c4f-7351a5fd5528,2e910e62-7eaf-4c06-80cb-8918e3eea16e,GABAergic amacrine cell,HAC66,skos:broad,GABAergic amacrine cell,https://purl.obolibrary.org/obo/CL_4030027,xtoyfwprdzci
67,38014002,PMC10680922,doi.org/10.1101/2023.11.07.566105,manual,retina,http://purl.obolibrary.org/obo/UBERON_0000966,author_cell_type,cellxgene.cziscience.com,4c6eaf5c-6d57-4c76-b1e9-60df8c655f1e,962093e5-0e31-4f37-b96a-65116be39138,d6505c89-c43d-4c28-8c4f-7351a5fd5528,2e910e62-7eaf-4c06-80cb-8918e3eea16e,GABAergic amacrine cell,HAC68,skos:broad,GABAergic amacrine cell,https://purl.obolibrary.org/obo/CL_4030027,csr8645icubk
68,38014002,PMC10680922,doi.org/10.1101/2023.11.07.566105,manual,retina,http://purl.obolibrary.org/obo/UBERON_0000966,author_cell_type,cellxgene.cziscience.com,4c6eaf5c-6d57-4c76-b1e9-60df8c655f1e,962093e5-0e31-4f37-b96a-65116be39138,d6505c89-c43d-4c28-8c4f-7351a5fd5528,2e910e62-7eaf-4c06-80cb-8918e3eea16e,GABAergic amacrine cell,HAC71,skos:broad,GABAergic amacrine cell,https://purl.obolibrary.org/obo/CL_4030027,hmx86qv2d4xh
69,38014002,PMC10680922,doi.org/10.1101/2023.11.07.566105,manual,retina,http://purl.obolibrary.org/obo/UBERON_0000966,author_cell_type,cellxgene.cziscience.com,4c6eaf5c-6d57-4c76-b1e9-60df8c655f1e,962093e5-0e31-4f37-b96a-65116be39138,d6505c89-c43d-4c28-8c4f-7351a5fd5528,2e910e62-7eaf-4c06-80cb-8918e3eea16e,amacrine cell,HAC72,skos:broad,amacrine cell,https://purl.obolibrary.org/obo/CL_0000561,3x6qupmi1l0n
70,38014002,PMC10680922,doi.org/10.1101/2023.11.07.566105,manual,retina,http://purl.obolibrary.org/obo/UBERON_0000966,author_cell_type,cellxgene.cziscience.com,4c6eaf5c-6d57-4c76-b1e9-60df8c655f1e,962093e5-0e31-4f37-b96a-65116be39138,d6505c89-c43d-4c28-8c4f-7351a5fd5528,2e910e62-7eaf-4c06-80cb-8918e3eea16e,amacrine cell,HAC74,skos:broad,amacrine cell,https://purl.obolibrary.org/obo/CL_0000561,58qbc2tvihvl
71,38014002,PMC10680922,doi.org/10.1101/2023.11.07.566105,manual,retina,http://purl.obolibrary.org/obo/UBERON_0000966,author_cell_type,cellxgene.cziscience.com,4c6eaf5c-6d57-4c76-b1e9-60df8c655f1e,962093e5-0e31-4f37-b96a-65116be39138,d6505c89-c43d-4c28-8c4f-7351a5fd5528,2e910e62-7eaf-4c06-80cb-8918e3eea16e,GABAergic amacrine cell,HAC75,skos:broad,GABAergic amacrine cell,https://purl.obolibrary.org/obo/CL_4030027,xz62x1gyjb7d
72,38014002,PMC10680922,doi.org/10.1101/2023.11.07.566105,manual,retina,http://purl.obolibrary.org/obo/UBERON_0000966,author_cell_type,cellxgene.cziscience.com,4c6eaf5c-6d57-4c76-b1e9-60df8c655f1e,962093e5-0e31-4f37-b96a-65116be39138,d6505c89-c43d-4c28-8c4f-7351a5fd5528,2e910e62-7eaf-4c06-80cb-8918e3eea16e,GABAergic amacrine cell,HAC77,skos:broad,GABAergic amacrine cell,https://purl.obolibrary.org/obo/CL_4030027,5jyvtiqxtct6
73,38014002,PMC10680922,doi.org/10.1101/2023.11.07.566105,manual,retina,http://purl.obolibrary.org/obo/UBERON_0000966,author_cell_type,cellxgene.cziscience.com,4c6eaf5c-6d57-4c76-b1e9-60df8c655f1e,962093e5-0e31-4f37-b96a-65116be39138,d6505c89-c43d-4c28-8c4f-7351a5fd5528,2e910e62-7eaf-4c06-80cb-8918e3eea16e,GABAergic amacrine cell,HAC78,skos:broad,GABAergic amacrine cell,https://purl.obolibrary.org/obo/CL_4030027,4ms1etfex8gb
74,38014002,PMC10680922,doi.org/10.1101/2023.11.07.566105,manual,retina,http://purl.obolibrary.org/obo/UBERON_0000966,author_cell_type,cellxgene.cziscience.com,4c6eaf5c-6d57-4c76-b1e9-60df8c655f1e,962093e5-0e31-4f37-b96a-65116be39138,d6505c89-c43d-4c28-8c4f-7351a5fd5528,2e910e62-7eaf-4c06-80cb-8918e3eea16e,GABAergic amacrine cell,HAC79,skos:broad,GABAergic amacrine cell,https://purl.obolibrary.org/obo/CL_4030027,bw5rm1ybrut1
75,38014002,PMC10680922,doi.org/10.1101/2023.11.07.566105,manual,retina,http://purl.obolibrary.org/obo/UBERON_0000966,author_cell_type,cellxgene.cziscience.com,4c6eaf5c-6d57-4c76-b1e9-60df8c655f1e,962093e5-0e31-4f37-b96a-65116be39138,d6505c89-c43d-4c28-8c4f-7351a5fd5528,2e910e62-7eaf-4c06-80cb-8918e3eea16e,GABAergic amacrine cell,HAC8,skos:broad,GABAergic amacrine cell,https://purl.obolibrary.org/obo/CL_4030027,2wzq4rwxgsu0
76,38014002,PMC10680922,doi.org/10.1101/2023.11.07.566105,manual,retina,http://purl.obolibrary.org/obo/UBERON_0000966,author_cell_type,cellxgene.cziscience.com,4c6eaf5c-6d57-4c76-b1e9-60df8c655f1e,962093e5-0e31-4f37-b96a-65116be39138,d6505c89-c43d-4c28-8c4f-7351a5fd5528,2e910e62-7eaf-4c06-80cb-8918e3eea16e,amacrine cell,HAC80,skos:broad,amacrine cell,https://purl.obolibrary.org/obo/CL_0000561,nq34z3zievjf
77,38014002,PMC10680922,doi.org/10.1101/2023.11.07.566105,manual,retina,http://purl.obolibrary.org/obo/UBERON_0000966,author_cell_type,cellxgene.cziscience.com,4c6eaf5c-6d57-4c76-b1e9-60df8c655f1e,962093e5-0e31-4f37-b96a-65116be39138,d6505c89-c43d-4c28-8c4f-7351a5fd5528,2e910e62-7eaf-4c06-80cb-8918e3eea16e,GABAergic amacrine cell,HAC81,skos:broad,GABAergic amacrine cell,https://purl.obolibrary.org/obo/CL_4030027,dutg55n87lxn
78,38014002,PMC10680922,doi.org/10.1101/2023.11.07.566105,manual,retina,http://purl.obolibrary.org/obo/UBERON_0000966,author_cell_type,cellxgene.cziscience.com,4c6eaf5c-6d57-4c76-b1e9-60df8c655f1e,962093e5-0e31-4f37-b96a-65116be39138,d6505c89-c43d-4c28-8c4f-7351a5fd5528,2e910e62-7eaf-4c06-80cb-8918e3eea16e,GABAergic amacrine cell,HAC82,skos:broad,GABAergic amacrine cell,https://purl.obolibrary.org/obo/CL_4030027,9228k5lyjxu7
79,38014002,PMC10680922,doi.org/10.1101/2023.11.07.566105,manual,retina,http://purl.obolibrary.org/obo/UBERON_0000966,author_cell_type,cellxgene.cziscience.com,4c6eaf5c-6d57-4c76-b1e9-60df8c655f1e,962093e5-0e31-4f37-b96a-65116be39138,d6505c89-c43d-4c28-8c4f-7351a5fd5528,2e910e62-7eaf-4c06-80cb-8918e3eea16e,glycinergic amacrine cell,HAC84,skos:broad,glycinergic amacrine cell,https://purl.obolibrary.org/obo/CL_4030028,bscvi5vqnidy
80,38014002,PMC10680922,doi.org/10.1101/2023.11.07.566105,manual,retina,http://purl.obolibrary.org/obo/UBERON_0000966,author_cell_type,cellxgene.cziscience.com,4c6eaf5c-6d57-4c76-b1e9-60df8c655f1e,962093e5-0e31-4f37-b96a-65116be39138,d6505c89-c43d-4c28-8c4f-7351a5fd5528,2e910e62-7eaf-4c06-80cb-8918e3eea16e,GABAergic amacrine cell,HAC86,skos:broad,GABAergic amacrine cell,https://purl.obolibrary.org/obo/CL_4030027,x5xisy275g86
81,38014002,PMC10680922,doi.org/10.1101/2023.11.07.566105,manual,retina,http://purl.obolibrary.org/obo/UBERON_0000966,author_cell_type,cellxgene.cziscience.com,4c6eaf5c-6d57-4c76-b1e9-60df8c655f1e,962093e5-0e31-4f37-b96a-65116be39138,d6505c89-c43d-4c28-8c4f-7351a5fd5528,2e910e62-7eaf-4c06-80cb-8918e3eea16e,GABAergic amacrine cell,HAC87,skos:broad,GABAergic amacrine cell,https://purl.obolibrary.org/obo/CL_4030027,t9t564tpfoqe
82,38014002,PMC10680922,doi.org/10.1101/2023.11.07.566105,manual,retina,http://purl.obolibrary.org/obo/UBERON_0000966,author_cell_type,cellxgene.cziscience.com,4c6eaf5c-6d57-4c76-b1e9-60df8c655f1e,962093e5-0e31-4f37-b96a-65116be39138,d6505c89-c43d-4c28-8c4f-7351a5fd5528,2e910e62-7eaf-4c06-80cb-8918e3eea16e,GABAergic amacrine cell,HAC88,skos:broad,GABAergic amacrine cell,https://purl.obolibrary.org/obo/CL_4030027,vm18z8gvslnr
83,38014002,PMC10680922,doi.org/10.1101/2023.11.07.566105,manual,retina,http://purl.obolibrary.org/obo/UBERON_0000966,author_cell_type,cellxgene.cziscience.com,4c6eaf5c-6d57-4c76-b1e9-60df8c655f1e,962093e5-0e31-4f37-b96a-65116be39138,d6505c89-c43d-4c28-8c4f-7351a5fd5528,2e910e62-7eaf-4c06-80cb-8918e3eea16e,GABAergic amacrine cell,HAC89,skos:broad,GABAergic amacrine cell,https://purl.obolibrary.org/obo/CL_4030027,arf5bc649q9m
84,38014002,PMC10680922,doi.org/10.1101/2023.11.07.566105,manual,retina,http://purl.obolibrary.org/obo/UBERON_0000966,author_cell_type,cellxgene.cziscience.com,4c6eaf5c-6d57-4c76-b1e9-60df8c655f1e,962093e5-0e31-4f37-b96a-65116be39138,d6505c89-c43d-4c28-8c4f-7351a5fd5528,2e910e62-7eaf-4c06-80cb-8918e3eea16e,GABAergic amacrine cell,HAC9,skos:broad,GABAergic amacrine cell,https://purl.obolibrary.org/obo/CL_4030027,l0aaajb60kzp
85,38014002,PMC10680922,doi.org/10.1101/2023.11.07.566105,manual,retina,http://purl.obolibrary.org/obo/UBERON_0000966,author_cell_type,cellxgene.cziscience.com,4c6eaf5c-6d57-4c76-b1e9-60df8c655f1e,962093e5-0e31-4f37-b96a-65116be39138,d6505c89-c43d-4c28-8c4f-7351a5fd5528,2e910e62-7eaf-4c06-80cb-8918e3eea16e,amacrine cell,HAC90,skos:broad,amacrine cell,https://purl.obolibrary.org/obo/CL_0000561,5vtx4phg1csc
86,38014002,PMC10680922,doi.org/10.1101/2023.11.07.566105,manual,retina,http://purl.obolibrary.org/obo/UBERON_0000966,author_cell_type,cellxgene.cziscience.com,4c6eaf5c-6d57-4c76-b1e9-60df8c655f1e,962093e5-0e31-4f37-b96a-65116be39138,d6505c89-c43d-4c28-8c4f-7351a5fd5528,2e910e62-7eaf-4c06-80cb-8918e3eea16e,amacrine cell,HAC91,skos:broad,amacrine cell,https://purl.obolibrary.org/obo/CL_0000561,56j4rcyh2oaw
87,38014002,PMC10680922,doi.org/10.1101/2023.11.07.566105,manual,retina,http://purl.obolibrary.org/obo/UBERON_0000966,author_cell_type,cellxgene.cziscience.com,4c6eaf5c-6d57-4c76-b1e9-60df8c655f1e,962093e5-0e31-4f37-b96a-65116be39138,d6505c89-c43d-4c28-8c4f-7351a5fd5528,2e910e62-7eaf-4c06-80cb-8918e3eea16e,GABAergic amacrine cell,HAC92,skos:broad,GABAergic amacrine cell,https://purl.obolibrary.org/obo/CL_4030027,3vpgvqqfyv9f
88,38014002,PMC10680922,doi.org/10.1101/2023.11.07.566105,manual,retina,http://purl.obolibrary.org/obo/UBERON_0000966,author_cell_type,cellxgene.cziscience.com,4c6eaf5c-6d57-4c76-b1e9-60df8c655f1e,962093e5-0e31-4f37-b96a-65116be39138,d6505c89-c43d-4c28-8c4f-7351a5fd5528,2e910e62-7eaf-4c06-80cb-8918e3eea16e,glycinergic amacrine cell,HAC93,skos:broad,glycinergic amacrine cell,https://purl.obolibrary.org/obo/CL_4030028,cq4x9nagyg0d
89,38014002,PMC10680922,doi.org/10.1101/2023.11.07.566105,manual,retina,http://purl.obolibrary.org/obo/UBERON_0000966,author_cell_type,cellxgene.cziscience.com,4c6eaf5c-6d57-4c76-b1e9-60df8c655f1e,962093e5-0e31-4f37-b96a-65116be39138,d6505c89-c43d-4c28-8c4f-7351a5fd5528,2e910e62-7eaf-4c06-80cb-8918e3eea16e,amacrine cell,HAC95,skos:broad,amacrine cell,https://purl.obolibrary.org/obo/CL_0000561,xp7b145lymge
90,38014002,PMC10680922,doi.org/10.1101/2023.11.07.566105,manual,retina,http://purl.obolibrary.org/obo/UBERON_0000966,author_cell_type,cellxgene.cziscience.com,4c6eaf5c-6d57-4c76-b1e9-60df8c655f1e,962093e5-0e31-4f37-b96a-65116be39138,d6505c89-c43d-4c28-8c4f-7351a5fd5528,2e910e62-7eaf-4c06-80cb-8918e3eea16e,Human Retinal Ganglion Cells (HRGC),HRGC10,skos:broad,retinal ganglion cell,https://purl.obolibrary.org/obo/CL_0000740,dmcos03w98e4
91,38014002,PMC10680922,doi.org/10.1101/2023.11.07.566105,manual,retina,http://purl.obolibrary.org/obo/UBERON_0000966,author_cell_type,cellxgene.cziscience.com,4c6eaf5c-6d57-4c76-b1e9-60df8c655f1e,962093e5-0e31-4f37-b96a-65116be39138,d6505c89-c43d-4c28-8c4f-7351a5fd5528,2e910e62-7eaf-4c06-80cb-8918e3eea16e,Human Retinal Ganglion Cells (HRGC),HRGC11,skos:broad,retinal ganglion cell,https://purl.obolibrary.org/obo/CL_0000740,l3r8dnk5imgw
92,38014002,PMC10680922,doi.org/10.1101/2023.11.07.566105,manual,retina,http://purl.obolibrary.org/obo/UBERON_0000966,author_cell_type,cellxgene.cziscience.com,4c6eaf5c-6d57-4c76-b1e9-60df8c655f1e,962093e5-0e31-4f37-b96a-65116be39138,d6505c89-c43d-4c28-8c4f-7351a5fd5528,2e910e62-7eaf-4c06-80cb-8918e3eea16e,Human Retinal Ganglion Cells (HRGC),HRGC3,skos:broad,retinal ganglion cell,https://purl.obolibrary.org/obo/CL_0000740,hcx51fqlvzl9
93,38014002,PMC10680922,doi.org/10.1101/2023.11.07.566105,manual,retina,http://purl.obolibrary.org/obo/UBERON_0000966,author_cell_type,cellxgene.cziscience.com,4c6eaf5c-6d57-4c76-b1e9-60df8c655f1e,962093e5-0e31-4f37-b96a-65116be39138,d6505c89-c43d-4c28-8c4f-7351a5fd5528,2e910e62-7eaf-4c06-80cb-8918e3eea16e,Human Retinal Ganglion Cells (HRGC),HRGC4,skos:broad,retinal ganglion cell,https://purl.obolibrary.org/obo/CL_0000740,bhenyjbyuusv
94,38014002,PMC10680922,doi.org/10.1101/2023.11.07.566105,manual,retina,http://purl.obolibrary.org/obo/UBERON_0000966,author_cell_type,cellxgene.cziscience.com,4c6eaf5c-6d57-4c76-b1e9-60df8c655f1e,962093e5-0e31-4f37-b96a-65116be39138,d6505c89-c43d-4c28-8c4f-7351a5fd5528,2e910e62-7eaf-4c06-80cb-8918e3eea16e,Human Retinal Ganglion Cells (HRGC),HRGC5,skos:broad,retinal ganglion cell,https://purl.obolibrary.org/obo/CL_0000740,lyuv7iblc6uz
95,38014002,PMC10680922,doi.org/10.1101/2023.11.07.566105,manual,retina,http://purl.obolibrary.org/obo/UBERON_0000966,author_cell_type,cellxgene.cziscience.com,4c6eaf5c-6d57-4c76-b1e9-60df8c655f1e,962093e5-0e31-4f37-b96a-65116be39138,d6505c89-c43d-4c28-8c4f-7351a5fd5528,2e910e62-7eaf-4c06-80cb-8918e3eea16e,Human Retinal Ganglion Cells (HRGC),HRGC9,skos:broad,retinal ganglion cell,https://purl.obolibrary.org/obo/CL_0000740,5t9z8fcw79ij
96,38014002,PMC10680922,doi.org/10.1101/2023.11.07.566105,manual,retina,http://purl.obolibrary.org/obo/UBERON_0000966,author_cell_type,cellxgene.cziscience.com,4c6eaf5c-6d57-4c76-b1e9-60df8c655f1e,962093e5-0e31-4f37-b96a-65116be39138,d6505c89-c43d-4c28-8c4f-7351a5fd5528,2e910e62-7eaf-4c06-80cb-8918e3eea16e,,IMB,skos:exact,invaginating midget bipolar cell,https://purl.obolibrary.org/obo/CL_4033034,tx7dobswqwi9
97,38014002,PMC10680922,doi.org/10.1101/2023.11.07.566105,manual,retina,http://purl.obolibrary.org/obo/UBERON_0000966,author_cell_type,cellxgene.cziscience.com,4c6eaf5c-6d57-4c76-b1e9-60df8c655f1e,962093e5-0e31-4f37-b96a-65116be39138,d6505c89-c43d-4c28-8c4f-7351a5fd5528,2e910e62-7eaf-4c06-80cb-8918e3eea16e,"intrinsically photosensitive RGC
(retinal ganglion cells)",ipRGC,skos:broad,retinal ganglion cell,https://purl.obolibrary.org/obo/CL_0000740,itdpecly7x90
98,38014002,PMC10680922,doi.org/10.1101/2023.11.07.566105,manual,retina,http://purl.obolibrary.org/obo/UBERON_0000966,author_cell_type,cellxgene.cziscience.com,4c6eaf5c-6d57-4c76-b1e9-60df8c655f1e,962093e5-0e31-4f37-b96a-65116be39138,d6505c89-c43d-4c28-8c4f-7351a5fd5528,2e910e62-7eaf-4c06-80cb-8918e3eea16e,Müller glia cells,MG,skos:exact,mueller glia,https://purl.obolibrary.org/obo/CL_0000636,apgzdu7ap2v7
99,38014002,PMC10680922,doi.org/10.1101/2023.11.07.566105,manual,retina,http://purl.obolibrary.org/obo/UBERON_0000966,author_cell_type,cellxgene.cziscience.com,4c6eaf5c-6d57-4c76-b1e9-60df8c655f1e,962093e5-0e31-4f37-b96a-65116be39138,d6505c89-c43d-4c28-8c4f-7351a5fd5528,2e910e62-7eaf-4c06-80cb-8918e3eea16e,"OFF midget RGC
(retinal ganglion cells)",MG_OFF,skos:exact,OFF midget ganglion cell,https://purl.obolibrary.org/obo/CL_4033047,fn572zruytc1
100,38014002,PMC10680922,doi.org/10.1101/2023.11.07.566105,manual,retina,http://purl.obolibrary.org/obo/UBERON_0000966,author_cell_type,cellxgene.cziscience.com,4c6eaf5c-6d57-4c76-b1e9-60df8c655f1e,962093e5-0e31-4f37-b96a-65116be39138,d6505c89-c43d-4c28-8c4f-7351a5fd5528,2e910e62-7eaf-4c06-80cb-8918e3eea16e,"ON midget RGC
(retinal ganglion cells)",MG_ON,skos:exact,ON midget ganglion cell,https://purl.obolibrary.org/obo/CL_4033046,ak6bi02d18la
101,38014002,PMC10680922,doi.org/10.1101/2023.11.07.566105,manual,retina,http://purl.obolibrary.org/obo/UBERON_0000966,author_cell_type,cellxgene.cziscience.com,4c6eaf5c-6d57-4c76-b1e9-60df8c655f1e,962093e5-0e31-4f37-b96a-65116be39138,d6505c89-c43d-4c28-8c4f-7351a5fd5528,2e910e62-7eaf-4c06-80cb-8918e3eea16e,microglia  cell,Microglia,skos:exact,microglial cell,https://purl.obolibrary.org/obo/CL_0000129,mjrdz0ks3jli
102,38014002,PMC10680922,doi.org/10.1101/2023.11.07.566105,manual,retina,http://purl.obolibrary.org/obo/UBERON_0000966,author_cell_type,cellxgene.cziscience.com,4c6eaf5c-6d57-4c76-b1e9-60df8c655f1e,962093e5-0e31-4f37-b96a-65116be39138,d6505c89-c43d-4c28-8c4f-7351a5fd5528,2e910e62-7eaf-4c06-80cb-8918e3eea16e,M cone cell,ML_Cone,skos:exact,M cone cell,https://purl.obolibrary.org/obo/CL_0003049,lukb5c2a0gql
103,38014002,PMC10680922,doi.org/10.1101/2023.11.07.566105,manual,retina,http://purl.obolibrary.org/obo/UBERON_0000966,author_cell_type,cellxgene.cziscience.com,4c6eaf5c-6d57-4c76-b1e9-60df8c655f1e,962093e5-0e31-4f37-b96a-65116be39138,d6505c89-c43d-4c28-8c4f-7351a5fd5528,2e910e62-7eaf-4c06-80cb-8918e3eea16e,"HAC39,HAC46,HAC60",nNOS,skos:broad,GABAergic amacrine cell,https://purl.obolibrary.org/obo/CL_4030027,op1s903fs6r2
104,38014002,PMC10680922,doi.org/10.1101/2023.11.07.566105,manual,retina,http://purl.obolibrary.org/obo/UBERON_0000966,author_cell_type,cellxgene.cziscience.com,4c6eaf5c-6d57-4c76-b1e9-60df8c655f1e,962093e5-0e31-4f37-b96a-65116be39138,d6505c89-c43d-4c28-8c4f-7351a5fd5528,2e910e62-7eaf-4c06-80cb-8918e3eea16e,starburst amacrine cell,OFF-SAC,skos:broad,starburst amacrine cell,https://purl.obolibrary.org/obo/CL_0004232,nizxbb1qsau7
105,38014002,PMC10680922,doi.org/10.1101/2023.11.07.566105,manual,retina,http://purl.obolibrary.org/obo/UBERON_0000966,author_cell_type,cellxgene.cziscience.com,4c6eaf5c-6d57-4c76-b1e9-60df8c655f1e,962093e5-0e31-4f37-b96a-65116be39138,d6505c89-c43d-4c28-8c4f-7351a5fd5528,2e910e62-7eaf-4c06-80cb-8918e3eea16e,OFF starburst amacrine cell,OFF-SAC*,skos:broad,starburst amacrine cell,https://purl.obolibrary.org/obo/CL_0004232,cxbco57eb9pa
106,38014002,PMC10680922,doi.org/10.1101/2023.11.07.566105,manual,retina,http://purl.obolibrary.org/obo/UBERON_0000966,author_cell_type,cellxgene.cziscience.com,4c6eaf5c-6d57-4c76-b1e9-60df8c655f1e,962093e5-0e31-4f37-b96a-65116be39138,d6505c89-c43d-4c28-8c4f-7351a5fd5528,2e910e62-7eaf-4c06-80cb-8918e3eea16e,OFFx cell,OFFx,skos:broad,OFFx cell,https://purl.obolibrary.org/obo/CL_4033036,2kmzfvtphwxf
107,38014002,PMC10680922,doi.org/10.1101/2023.11.07.566105,manual,retina,http://purl.obolibrary.org/obo/UBERON_0000966,author_cell_type,cellxgene.cziscience.com,4c6eaf5c-6d57-4c76-b1e9-60df8c655f1e,962093e5-0e31-4f37-b96a-65116be39138,d6505c89-c43d-4c28-8c4f-7351a5fd5528,2e910e62-7eaf-4c06-80cb-8918e3eea16e,starburst amacrine cell,ON-SAC,skos:broad,starburst amacrine cell,https://purl.obolibrary.org/obo/CL_0004232,dclgi5utf3uf
108,38014002,PMC10680922,doi.org/10.1101/2023.11.07.566105,manual,retina,http://purl.obolibrary.org/obo/UBERON_0000966,author_cell_type,cellxgene.cziscience.com,4c6eaf5c-6d57-4c76-b1e9-60df8c655f1e,962093e5-0e31-4f37-b96a-65116be39138,d6505c89-c43d-4c28-8c4f-7351a5fd5528,2e910e62-7eaf-4c06-80cb-8918e3eea16e,HAC27,PENK,skos:broad,GABAergic amacrine cell,https://purl.obolibrary.org/obo/CL_4030027,ioeorh9wsya1
109,38014002,PMC10680922,doi.org/10.1101/2023.11.07.566105,manual,retina,http://purl.obolibrary.org/obo/UBERON_0000966,author_cell_type,cellxgene.cziscience.com,4c6eaf5c-6d57-4c76-b1e9-60df8c655f1e,962093e5-0e31-4f37-b96a-65116be39138,d6505c89-c43d-4c28-8c4f-7351a5fd5528,2e910e62-7eaf-4c06-80cb-8918e3eea16e,OFF parasol RGC,PG_OFF,skos:exact,OFF parasol ganglion cell,https://purl.obolibrary.org/obo/CL_4033051,oddjzlp3rfr3
110,38014002,PMC10680922,doi.org/10.1101/2023.11.07.566105,manual,retina,http://purl.obolibrary.org/obo/UBERON_0000966,author_cell_type,cellxgene.cziscience.com,4c6eaf5c-6d57-4c76-b1e9-60df8c655f1e,962093e5-0e31-4f37-b96a-65116be39138,d6505c89-c43d-4c28-8c4f-7351a5fd5528,2e910e62-7eaf-4c06-80cb-8918e3eea16e,ON parasol RGC,PG_ON,skos:exact,ON parasol ganglion cell,https://purl.obolibrary.org/obo/CL_4033052,qq5bktcr9xr7
111,38014002,PMC10680922,doi.org/10.1101/2023.11.07.566105,manual,retina,http://purl.obolibrary.org/obo/UBERON_0000966,author_cell_type,cellxgene.cziscience.com,4c6eaf5c-6d57-4c76-b1e9-60df8c655f1e,962093e5-0e31-4f37-b96a-65116be39138,d6505c89-c43d-4c28-8c4f-7351a5fd5528,2e910e62-7eaf-4c06-80cb-8918e3eea16e,rod bipolar cell,RB,skos:exact,rod bipolar cell,http://purl.obolibrary.org/obo/CL_0000751,9ay63olf3nra
112,38014002,PMC10680922,doi.org/10.1101/2023.11.07.566105,manual,retina,http://purl.obolibrary.org/obo/UBERON_0000966,author_cell_type,cellxgene.cziscience.com,4c6eaf5c-6d57-4c76-b1e9-60df8c655f1e,962093e5-0e31-4f37-b96a-65116be39138,d6505c89-c43d-4c28-8c4f-7351a5fd5528,2e910e62-7eaf-4c06-80cb-8918e3eea16e,retinal rod cell,Rod,skos:exact,retinal rod cell,https://purl.obolibrary.org/obo/CL_0000604,39iihj5zt2js
113,38014002,PMC10680922,doi.org/10.1101/2023.11.07.566105,manual,retina,http://purl.obolibrary.org/obo/UBERON_0000966,author_cell_type,cellxgene.cziscience.com,4c6eaf5c-6d57-4c76-b1e9-60df8c655f1e,962093e5-0e31-4f37-b96a-65116be39138,d6505c89-c43d-4c28-8c4f-7351a5fd5528,2e910e62-7eaf-4c06-80cb-8918e3eea16e,retinal pigment epithelium ,RPE,skos:exact,retinal pigment epithelial cell,https://purl.obolibrary.org/obo/CL_0002586,r4m1his62qnu
114,38014002,PMC10680922,doi.org/10.1101/2023.11.07.566105,manual,retina,http://purl.obolibrary.org/obo/UBERON_0000966,author_cell_type,cellxgene.cziscience.com,4c6eaf5c-6d57-4c76-b1e9-60df8c655f1e,962093e5-0e31-4f37-b96a-65116be39138,d6505c89-c43d-4c28-8c4f-7351a5fd5528,2e910e62-7eaf-4c06-80cb-8918e3eea16e,also known as blue cones,S_cone,skos:exact,S cone cell,https://purl.obolibrary.org/obo/CL_0003050,ngh1jg669nl8
115,38014002,PMC10680922,doi.org/10.1101/2023.11.07.566105,manual,retina,http://purl.obolibrary.org/obo/UBERON_0000966,author_cell_type,cellxgene.cziscience.com,4c6eaf5c-6d57-4c76-b1e9-60df8c655f1e,962093e5-0e31-4f37-b96a-65116be39138,d6505c89-c43d-4c28-8c4f-7351a5fd5528,2e910e62-7eaf-4c06-80cb-8918e3eea16e,Satb2+Ebf3+GlyT1+ amacrine cell,SEG,skos:broad,glycinergic amacrine cell,https://purl.obolibrary.org/obo/CL_4030028,u6zv5wibjnfg
116,38014002,PMC10680922,doi.org/10.1101/2023.11.07.566105,manual,retina,http://purl.obolibrary.org/obo/UBERON_0000966,author_cell_type,cellxgene.cziscience.com,4c6eaf5c-6d57-4c76-b1e9-60df8c655f1e,962093e5-0e31-4f37-b96a-65116be39138,d6505c89-c43d-4c28-8c4f-7351a5fd5528,2e910e62-7eaf-4c06-80cb-8918e3eea16e,OFF starburst amacrine cell,SEG*,skos:broad,glycinergic amacrine cell,https://purl.obolibrary.org/obo/CL_4030028,p2lc9uiighze
117,38014002,PMC10680922,doi.org/10.1101/2023.11.07.566105,manual,retina,http://purl.obolibrary.org/obo/UBERON_0000966,author_cell_type,cellxgene.cziscience.com,4c6eaf5c-6d57-4c76-b1e9-60df8c655f1e,962093e5-0e31-4f37-b96a-65116be39138,d6505c89-c43d-4c28-8c4f-7351a5fd5528,2e910e62-7eaf-4c06-80cb-8918e3eea16e,Vesicular Glutamate 3,VG3,skos:broad,glycinergic amacrine cell,https://purl.obolibrary.org/obo/CL_4030028,sqs4r4ndw749
118,38014002,PMC10680922,doi.org/10.1101/2023.11.07.566105,manual,retina,http://purl.obolibrary.org/obo/UBERON_0000966,author_cell_type,cellxgene.cziscience.com,4c6eaf5c-6d57-4c76-b1e9-60df8c655f1e,962093e5-0e31-4f37-b96a-65116be39138,d6505c89-c43d-4c28-8c4f-7351a5fd5528,2e910e62-7eaf-4c06-80cb-8918e3eea16e,glycinergic amacrine cell,VG3*,skos:broad,glycinergic amacrine cell,https://purl.obolibrary.org/obo/CL_4030028,3m638cn89s3c
119,38014002,PMC10680922,doi.org/10.1101/2023.11.07.566105,manual,retina,http://purl.obolibrary.org/obo/UBERON_0000966,author_cell_type,cellxgene.cziscience.com,4c6eaf5c-6d57-4c76-b1e9-60df8c655f1e,962093e5-0e31-4f37-b96a-65116be39138,d6505c89-c43d-4c28-8c4f-7351a5fd5528,2e910e62-7eaf-4c06-80cb-8918e3eea16e,GABAergic amacrine cel,VIP,skos:broad,GABAergic amacrine cell,https://purl.obolibrary.org/obo/CL_4030027,rdjhvxl6cbjm
